Trade #,Type,Date/Time,Signal,Price USD,Position size (qty),Position size (value),Net P&L USD,Net P&L %,Run-up USD,Run-up %,Drawdown USD,Drawdown %,Cumulative P&L USD,Cumulative P&L %
1,Exit short,2025-10-06 10:48,Time Exit,25136.25,1,25140.5,85,0.02,640,0.13,-95,-0.02,85,0.09
1,Entry short,2025-10-06 10:39,short,25140.5,1,25140.5,85,0.02,640,0.13,-95,-0.02,85,0.09
2,Exit short,2025-10-07 10:40,Time Exit,25198.25,1,25212.25,280,0.06,510,0.10,-380,-0.08,365,0.37
2,Entry short,2025-10-07 10:31,short,25212.25,1,25212.25,280,0.06,510,0.10,-380,-0.08,365,0.37
3,Exit short,2025-10-07 11:15,Time Exit,25110,1,25116.75,135,0.03,1275,0.25,-85,-0.02,500,0.50
3,Entry short,2025-10-07 11:06,short,25116.75,1,25116.75,135,0.03,1275,0.25,-85,-0.02,500,0.50
4,Exit short,2025-10-07 11:51,Time Exit,24992.5,1,25042.5,1000,0.20,1115,0.22,-510,-0.10,1500,1.50
4,Entry short,2025-10-07 11:42,short,25042.5,1,25042.5,1000,0.20,1115,0.22,-510,-0.10,1500,1.50
5,Exit short,2025-10-08 10:15,Time Exit,25210,1,25210.5,10,0.00,175,0.03,-410,-0.08,1510,1.51
5,Entry short,2025-10-08 10:06,short,25210.5,1,25210.5,10,0.00,175,0.03,-410,-0.08,1510,1.51
6,Exit long,2025-10-08 10:44,Time Exit,25199.75,1,25213.5,-275,-0.05,85,0.02,-370,-0.07,1235,1.23
6,Entry long,2025-10-08 10:35,long,25213.5,1,25213.5,-275,-0.05,85,0.02,-370,-0.07,1235,1.23
7,Exit long,2025-10-08 12:08,Time Exit,25257,1,25253.25,75,0.01,125,0.02,-130,-0.03,1310,1.31
7,Entry long,2025-10-08 11:59,long,25253.25,1,25253.25,75,0.01,125,0.02,-130,-0.03,1310,1.31
8,Exit long,2025-10-08 12:30,Time Exit,25253,1,25265.75,-255,-0.05,95,0.02,-345,-0.07,1055,1.06
8,Entry long,2025-10-08 12:21,long,25265.75,1,25265.75,-255,-0.05,95,0.02,-345,-0.07,1055,1.06
9,Exit short,2025-10-09 10:13,Time Exit,25272.5,1,25276.75,85,0.02,295,0.06,-240,-0.05,1140,1.14
9,Entry short,2025-10-09 10:04,short,25276.75,1,25276.75,85,0.02,295,0.06,-240,-0.05,1140,1.14
10,Exit short,2025-10-09 10:23,Time Exit,25259.75,1,25274.5,295,0.06,605,0.12,-60,-0.01,1435,1.44
10,Entry short,2025-10-09 10:14,short,25274.5,1,25274.5,295,0.06,605,0.12,-60,-0.01,1435,1.44
11,Exit short,2025-10-09 10:48,Time Exit,25207.25,1,25222.5,305,0.06,580,0.11,-210,-0.04,1740,1.74
11,Entry short,2025-10-09 10:39,short,25222.5,1,25222.5,305,0.06,580,0.11,-210,-0.04,1740,1.74
12,Exit short,2025-10-09 11:41,Time Exit,25215.75,1,25221.5,115,0.02,475,0.09,-285,-0.06,1855,1.86
12,Entry short,2025-10-09 11:32,short,25221.5,1,25221.5,115,0.02,475,0.09,-285,-0.06,1855,1.86
13,Exit short,2025-10-10 11:16,Time Exit,25062.25,1,25065.5,65,0.01,1695,0.34,-720,-0.14,1920,1.92
13,Entry short,2025-10-10 11:07,short,25065.5,1,25065.5,65,0.01,1695,0.34,-720,-0.14,1920,1.92
14,Exit short,2025-10-10 11:39,Time Exit,24734,1,24822.25,1765,0.36,3030,0.61,-40,-0.01,3685,3.69
14,Entry short,2025-10-10 11:30,short,24822.25,1,24822.25,1765,0.36,3030,0.61,-40,-0.01,3685,3.69
15,Exit short,2025-10-10 13:00,Time Exit,24657.25,1,24677.5,405,0.08,600,0.12,-545,-0.11,4090,4.09
15,Entry short,2025-10-10 12:51,short,24677.5,1,24677.5,405,0.08,600,0.12,-545,-0.11,4090,4.09
16,Exit long,2025-10-13 10:06,Time Exit,24909,1,24863.75,905,0.18,965,0.19,-50,-0.01,4995,5.00
16,Entry long,2025-10-13 09:57,long,24863.75,1,24863.75,905,0.18,965,0.19,-50,-0.01,4995,5.00
17,Exit short,2025-10-13 11:06,Time Exit,24764.5,1,24754.75,-195,-0.04,215,0.04,-490,-0.10,4800,4.80
17,Entry short,2025-10-13 10:57,short,24754.75,1,24754.75,-195,-0.04,215,0.04,-490,-0.10,4800,4.80
18,Exit short,2025-10-13 11:34,Time Exit,24883.5,1,24866.25,-345,-0.07,80,0.02,-640,-0.13,4455,4.46
18,Entry short,2025-10-13 11:25,short,24866.25,1,24866.25,-345,-0.07,80,0.02,-640,-0.13,4455,4.46
19,Exit long,2025-10-14 12:33,Time Exit,24882.5,1,24851.75,615,0.12,705,0.14,-135,-0.03,5070,5.07
19,Entry long,2025-10-14 12:24,long,24851.75,1,24851.75,615,0.12,705,0.14,-135,-0.03,5070,5.07
20,Exit long,2025-10-15 10:13,Time Exit,25087,1,25038,980,0.20,1450,0.29,-65,-0.01,6050,6.05
20,Entry long,2025-10-15 10:04,long,25038,1,25038,980,0.20,1450,0.29,-65,-0.01,6050,6.05
21,Exit long,2025-10-15 10:43,Time Exit,25101.25,1,25102.75,-30,-0.01,205,0.04,-330,-0.07,6020,6.02
21,Entry long,2025-10-15 10:34,long,25102.75,1,25102.75,-30,-0.01,205,0.04,-330,-0.07,6020,6.02
22,Exit short,2025-10-15 11:52,Time Exit,24897,1,24961.75,1295,0.26,1690,0.34,-75,-0.02,7315,7.32
22,Entry short,2025-10-15 11:43,short,24961.75,1,24961.75,1295,0.26,1690,0.34,-75,-0.02,7315,7.32
23,Exit short,2025-10-16 11:37,Time Exit,25052.5,1,25043.75,-175,-0.03,880,0.18,-410,-0.08,7140,7.14
23,Entry short,2025-10-16 11:28,short,25043.75,1,25043.75,-175,-0.03,880,0.18,-410,-0.08,7140,7.14
24,Exit short,2025-10-16 12:00,Time Exit,24972.25,1,24998,515,0.10,1040,0.21,-395,-0.08,7655,7.66
24,Entry short,2025-10-16 11:51,short,24998,1,24998,515,0.10,1040,0.21,-395,-0.08,7655,7.66
25,Exit short,2025-10-16 12:40,Time Exit,24782,1,24820,760,0.15,1315,0.26,-370,-0.07,8415,8.42
25,Entry short,2025-10-16 12:31,short,24820,1,24820,760,0.15,1315,0.26,-370,-0.07,8415,8.42
26,Exit long,2025-10-17 10:09,Time Exit,24836.5,1,24822,290,0.06,1225,0.25,-900,-0.18,8705,8.71
26,Entry long,2025-10-17 10:00,long,24822,1,24822,290,0.06,1225,0.25,-900,-0.18,8705,8.71
27,Exit long,2025-10-17 11:59,Time Exit,24867.25,1,24831,725,0.15,850,0.17,-330,-0.07,9430,9.43
27,Entry long,2025-10-17 11:50,long,24831,1,24831,725,0.15,850,0.17,-330,-0.07,9430,9.43
28,Exit long,2025-10-17 12:42,Time Exit,24915.75,1,24949.25,-670,-0.13,240,0.05,-695,-0.14,8760,8.76
28,Entry long,2025-10-17 12:33,long,24949.25,1,24949.25,-670,-0.13,240,0.05,-695,-0.14,8760,8.76
29,Exit long,2025-10-20 10:12,Time Exit,25241,1,25218.5,450,0.09,690,0.14,-60,-0.01,9210,9.21
29,Entry long,2025-10-20 10:03,long,25218.5,1,25218.5,450,0.09,690,0.14,-60,-0.01,9210,9.21
30,Exit long,2025-10-20 10:44,Time Exit,25299,1,25270.5,570,0.11,680,0.13,-95,-0.02,9780,9.78
30,Entry long,2025-10-20 10:35,long,25270.5,1,25270.5,570,0.11,680,0.13,-95,-0.02,9780,9.78
31,Exit long,2025-10-20 11:21,Time Exit,25318,1,25314,80,0.02,210,0.04,-495,-0.10,9860,9.86
31,Entry long,2025-10-20 11:12,long,25314,1,25314,80,0.02,210,0.04,-495,-0.10,9860,9.86
32,Exit short,2025-10-21 09:56,Time Exit,25228.25,1,25257.5,585,0.12,790,0.16,-265,-0.05,10445,10.45
32,Entry short,2025-10-21 09:47,short,25257.5,1,25257.5,585,0.12,790,0.16,-265,-0.05,10445,10.45
33,Exit short,2025-10-21 10:33,Time Exit,25206.75,1,25261,1085,0.21,1155,0.23,-240,-0.05,11530,11.53
33,Entry short,2025-10-21 10:24,short,25261,1,25261,1085,0.21,1155,0.23,-240,-0.05,11530,11.53
34,Exit long,2025-10-21 12:06,Time Exit,25328.5,1,25314.5,280,0.06,590,0.12,-35,-0.01,11810,11.81
34,Entry long,2025-10-21 11:57,long,25314.5,1,25314.5,280,0.06,590,0.12,-35,-0.01,11810,11.81
35,Exit short,2025-10-22 11:14,Time Exit,25144.25,1,25178.75,690,0.14,1160,0.23,-140,-0.03,12500,12.50
35,Entry short,2025-10-22 11:05,short,25178.75,1,25178.75,690,0.14,1160,0.23,-140,-0.03,12500,12.50
36,Exit short,2025-10-22 12:00,Time Exit,25101,1,25109.5,170,0.03,325,0.06,-445,-0.09,12670,12.67
36,Entry short,2025-10-22 11:51,short,25109.5,1,25109.5,170,0.03,325,0.06,-445,-0.09,12670,12.67
37,Exit short,2025-10-22 12:23,Time Exit,25033.25,1,25068.5,705,0.14,805,0.16,-435,-0.09,13375,13.38
37,Entry short,2025-10-22 12:14,short,25068.5,1,25068.5,705,0.14,805,0.16,-435,-0.09,13375,13.38
38,Exit short,2025-10-24 11:10,Time Exit,25487,1,25471.25,-315,-0.06,290,0.06,-340,-0.07,13060,13.06
38,Entry short,2025-10-24 11:01,short,25471.25,1,25471.25,-315,-0.06,290,0.06,-340,-0.07,13060,13.06
39,Exit short,2025-10-24 11:37,Time Exit,25537,1,25539,40,0.01,515,0.10,-150,-0.03,13100,13.10
39,Entry short,2025-10-24 11:28,short,25539,1,25539,40,0.01,515,0.10,-150,-0.03,13100,13.10
40,Exit long,2025-10-24 13:06,Time Exit,25552.5,1,25545.5,140,0.03,175,0.03,-70,-0.01,13240,13.24
40,Entry long,2025-10-24 12:57,long,25545.5,1,25545.5,140,0.03,175,0.03,-70,-0.01,13240,13.24
41,Exit long,2025-10-27 10:50,Time Exit,25875.5,1,25879,-70,-0.01,260,0.05,-215,-0.04,13170,13.17
41,Entry long,2025-10-27 10:41,long,25879,1,25879,-70,-0.01,260,0.05,-215,-0.04,13170,13.17
42,Exit long,2025-10-27 11:46,Time Exit,25903.25,1,25895.25,160,0.03,295,0.06,-55,-0.01,13330,13.33
42,Entry long,2025-10-27 11:37,long,25895.25,1,25895.25,160,0.03,295,0.06,-55,-0.01,13330,13.33
43,Exit long,2025-10-28 10:21,Time Exit,26052.5,1,26063.25,-215,-0.04,245,0.05,-270,-0.05,13115,13.11
43,Entry long,2025-10-28 10:12,long,26063.25,1,26063.25,-215,-0.04,245,0.05,-270,-0.05,13115,13.11
44,Exit long,2025-10-28 12:41,Time Exit,26097.75,1,26081.5,325,0.06,675,0.13,-20,0.00,13440,13.44
44,Entry long,2025-10-28 12:32,long,26081.5,1,26081.5,325,0.06,675,0.13,-20,0.00,13440,13.44
45,Exit long,2025-10-28 13:04,Time Exit,26124.25,1,26119.75,90,0.02,155,0.03,-275,-0.05,13530,13.53
45,Entry long,2025-10-28 12:55,long,26119.75,1,26119.75,90,0.02,155,0.03,-275,-0.05,13530,13.53
46,Exit long,2025-10-29 10:08,Time Exit,26277.75,1,26309.75,-640,-0.12,335,0.06,-645,-0.12,12890,12.89
46,Entry long,2025-10-29 09:59,long,26309.75,1,26309.75,-640,-0.12,335,0.06,-645,-0.12,12890,12.89
47,Exit short,2025-10-29 11:01,Time Exit,26269.75,1,26274,85,0.02,375,0.07,-165,-0.03,12975,12.98
47,Entry short,2025-10-29 10:52,short,26274,1,26274,85,0.02,375,0.07,-165,-0.03,12975,12.98
48,Exit short,2025-10-29 11:27,Time Exit,26266.5,1,26255.75,-215,-0.04,35,0.01,-420,-0.08,12760,12.76
48,Entry short,2025-10-29 11:18,short,26255.75,1,26255.75,-215,-0.04,35,0.01,-420,-0.08,12760,12.76
49,Exit short,2025-10-29 11:49,Time Exit,26231.25,1,26244.75,270,0.05,525,0.10,-70,-0.01,13030,13.03
49,Entry short,2025-10-29 11:40,short,26244.75,1,26244.75,270,0.05,525,0.10,-70,-0.01,13030,13.03
50,Exit short,2025-10-29 12:18,Time Exit,26227.5,1,26227.75,5,0.00,490,0.09,-90,-0.02,13035,13.04
50,Entry short,2025-10-29 12:09,short,26227.75,1,26227.75,5,0.00,490,0.09,-90,-0.02,13035,13.04
51,Exit long,2025-10-30 10:08,Time Exit,26126.75,1,26136.75,-200,-0.04,915,0.18,-875,-0.17,12835,12.84
51,Entry long,2025-10-30 09:59,long,26136.75,1,26136.75,-200,-0.04,915,0.18,-875,-0.17,12835,12.84
52,Exit short,2025-10-30 11:49,Time Exit,25984.25,1,26000,315,0.06,695,0.13,-215,-0.04,13150,13.15
52,Entry short,2025-10-30 11:40,short,26000,1,26000,315,0.06,695,0.13,-215,-0.04,13150,13.15
53,Exit short,2025-10-30 12:27,Time Exit,26087.5,1,26087,-10,0.00,440,0.08,-200,-0.04,13140,13.14
53,Entry short,2025-10-30 12:18,short,26087,1,26087,-10,0.00,440,0.08,-200,-0.04,13140,13.14
54,Exit short,2025-10-31 10:16,Time Exit,26095.25,1,26103,155,0.03,540,0.10,-295,-0.06,13295,13.30
54,Entry short,2025-10-31 10:07,short,26103,1,26103,155,0.03,540,0.10,-295,-0.06,13295,13.30
55,Exit short,2025-10-31 11:42,Time Exit,26083.75,1,26149.5,1315,0.25,1320,0.25,-35,-0.01,14610,14.61
55,Entry short,2025-10-31 11:33,short,26149.5,1,26149.5,1315,0.25,1320,0.25,-35,-0.01,14610,14.61
56,Exit short,2025-10-31 12:59,Time Exit,25936.75,1,25993.25,1130,0.22,1270,0.24,-5,0.00,15740,15.74
56,Entry short,2025-10-31 12:50,short,25993.25,1,25993.25,1130,0.22,1270,0.24,-5,0.00,15740,15.74
57,Exit short,2025-11-03 09:57,Time Exit,26143.75,1,26174.25,610,0.12,1110,0.21,-65,-0.01,16350,16.35
57,Entry short,2025-11-03 09:48,short,26174.25,1,26174.25,610,0.12,1110,0.21,-65,-0.01,16350,16.35
58,Exit short,2025-11-03 10:33,Time Exit,26030.75,1,26103,1445,0.28,1720,0.33,-20,0.00,17795,17.79
58,Entry short,2025-11-03 10:24,short,26103,1,26103,1445,0.28,1720,0.33,-20,0.00,17795,17.79
59,Exit long,2025-11-03 12:26,long_exit,26095.5,1,26128.5,-660,-0.13,260,0.05,-660,-0.13,17135,17.14
59,Entry long,2025-11-03 12:21,long,26128.5,1,26128.5,-660,-0.13,260,0.05,-660,-0.13,17135,17.14
60,Exit long,2025-11-04 10:03,Time Exit,25873.25,1,25835.5,755,0.15,1005,0.19,-130,-0.03,17890,17.89
60,Entry long,2025-11-04 09:54,long,25835.5,1,25835.5,755,0.15,1005,0.19,-130,-0.03,17890,17.89
61,Exit long,2025-11-04 10:38,Time Exit,25856.75,1,25866,-185,-0.04,150,0.03,-460,-0.09,17705,17.71
61,Entry long,2025-11-04 10:29,long,25866,1,25866,-185,-0.04,150,0.03,-460,-0.09,17705,17.71
62,Exit short,2025-11-04 12:04,Time Exit,25733.5,1,25764.25,615,0.12,820,0.16,-70,-0.01,18320,18.32
62,Entry short,2025-11-04 11:55,short,25764.25,1,25764.25,615,0.12,820,0.16,-70,-0.01,18320,18.32
63,Exit short,2025-11-04 12:55,Time Exit,25683,1,25692.5,190,0.04,235,0.05,-715,-0.14,18510,18.51
63,Entry short,2025-11-04 12:46,short,25692.5,1,25692.5,190,0.04,235,0.05,-715,-0.14,18510,18.51
64,Exit long,2025-11-05 10:03,Time Exit,25660,1,25658.5,30,0.01,805,0.16,-170,-0.03,18540,18.54
64,Entry long,2025-11-05 09:54,long,25658.5,1,25658.5,30,0.01,805,0.16,-170,-0.03,18540,18.54
65,Exit long,2025-11-05 10:29,Time Exit,25713.5,1,25650,1270,0.25,1370,0.27,-700,-0.14,19810,19.81
65,Entry long,2025-11-05 10:20,long,25650,1,25650,1270,0.25,1370,0.27,-700,-0.14,19810,19.81
66,Exit long,2025-11-05 11:45,Time Exit,25766.25,1,25733.75,650,0.13,685,0.13,-70,-0.01,20460,20.46
66,Entry long,2025-11-05 11:36,long,25733.75,1,25733.75,650,0.13,685,0.13,-70,-0.01,20460,20.46
67,Exit short,2025-11-06 10:15,Time Exit,25423,1,25451,560,0.11,620,0.12,-780,-0.15,21020,21.02
67,Entry short,2025-11-06 10:06,short,25451,1,25451,560,0.11,620,0.12,-780,-0.15,21020,21.02
68,Exit short,2025-11-06 10:55,Time Exit,25339,1,25363.25,485,0.10,1200,0.24,0,0.00,21505,21.51
68,Entry short,2025-11-06 10:46,short,25363.25,1,25363.25,485,0.10,1200,0.24,0,0.00,21505,21.51
69,Exit short,2025-11-06 11:23,Time Exit,25293.5,1,25332.25,775,0.15,880,0.17,-585,-0.12,22280,22.28
69,Entry short,2025-11-06 11:14,short,25332.25,1,25332.25,775,0.15,880,0.17,-585,-0.12,22280,22.28
70,Exit short,2025-11-06 11:58,Time Exit,25230.75,1,25233.5,55,0.01,645,0.13,-1025,-0.20,22335,22.34
70,Entry short,2025-11-06 11:49,short,25233.5,1,25233.5,55,0.01,645,0.13,-1025,-0.20,22335,22.34
71,Exit short,2025-11-07 10:15,Time Exit,25014,1,24944,-1400,-0.28,1240,0.25,-1570,-0.31,20935,20.94
71,Entry short,2025-11-07 10:06,short,24944,1,24944,-1400,-0.28,1240,0.25,-1570,-0.31,20935,20.94
72,Exit short,2025-11-07 11:28,Time Exit,24801.25,1,24803,35,0.01,200,0.04,-830,-0.17,20970,20.97
72,Entry short,2025-11-07 11:19,short,24803,1,24803,35,0.01,200,0.04,-830,-0.17,20970,20.97
73,Exit long,2025-11-07 12:32,Time Exit,24837.5,1,24833.25,85,0.02,625,0.13,-300,-0.06,21055,21.06
73,Entry long,2025-11-07 12:23,long,24833.25,1,24833.25,85,0.02,625,0.13,-300,-0.06,21055,21.06
74,Exit long,2025-11-10 10:22,Time Exit,25650.25,1,25649.75,10,0.00,35,0.01,-770,-0.15,21065,21.07
74,Entry long,2025-11-10 10:13,long,25649.75,1,25649.75,10,0.00,35,0.01,-770,-0.15,21065,21.07
75,Exit short,2025-11-10 11:33,Time Exit,25503.25,1,25503.75,10,0.00,435,0.09,-255,-0.05,21075,21.08
75,Entry short,2025-11-10 11:24,short,25503.75,1,25503.75,10,0.00,435,0.09,-255,-0.05,21075,21.08
76,Exit short,2025-11-10 11:57,Time Exit,25502,1,25478.25,-475,-0.09,285,0.06,-525,-0.10,20600,20.60
76,Entry short,2025-11-10 11:48,short,25478.25,1,25478.25,-475,-0.09,285,0.06,-525,-0.10,20600,20.60
77,Exit short,2025-11-11 10:21,Time Exit,25556.25,1,25583,535,0.10,1005,0.20,-200,-0.04,21135,21.14
77,Entry short,2025-11-11 10:12,short,25583,1,25583,535,0.10,1005,0.20,-200,-0.04,21135,21.14
78,Exit short,2025-11-11 10:49,Time Exit,25509.5,1,25522.75,265,0.05,385,0.08,-570,-0.11,21400,21.40
78,Entry short,2025-11-11 10:40,short,25522.75,1,25522.75,265,0.05,385,0.08,-570,-0.11,21400,21.40
79,Exit short,2025-11-11 11:50,Time Exit,25530.5,1,25504.5,-520,-0.10,10,0.00,-615,-0.12,20880,20.88
79,Entry short,2025-11-11 11:41,short,25504.5,1,25504.5,-520,-0.10,10,0.00,-615,-0.12,20880,20.88
80,Exit long,2025-11-11 13:08,Time Exit,25634.5,1,25621.5,260,0.05,420,0.08,-235,-0.05,21140,21.14
80,Entry long,2025-11-11 12:59,long,25621.5,1,25621.5,260,0.05,420,0.08,-235,-0.05,21140,21.14
81,Exit short,2025-11-12 10:33,Time Exit,25600,1,25604,80,0.02,280,0.05,-485,-0.09,21220,21.22
81,Entry short,2025-11-12 10:24,short,25604,1,25604,80,0.02,280,0.05,-485,-0.09,21220,21.22
82,Exit short,2025-11-12 11:25,Time Exit,25534.5,1,25536,30,0.01,195,0.04,-320,-0.06,21250,21.25
82,Entry short,2025-11-12 11:16,short,25536,1,25536,30,0.01,195,0.04,-320,-0.06,21250,21.25
83,Exit short,2025-11-13 10:45,Time Exit,25294.25,1,25326.75,650,0.13,785,0.15,-285,-0.06,21900,21.90
83,Entry short,2025-11-13 10:36,short,25326.75,1,25326.75,650,0.13,785,0.15,-285,-0.06,21900,21.90
84,Exit short,2025-11-13 11:23,Time Exit,25224.5,1,25216.5,-160,-0.03,690,0.14,-460,-0.09,21740,21.74
84,Entry short,2025-11-13 11:14,short,25216.5,1,25216.5,-160,-0.03,690,0.14,-460,-0.09,21740,21.74
85,Exit short,2025-11-13 12:59,Time Exit,25139.75,1,25172,645,0.13,925,0.18,-105,-0.02,22385,22.39
85,Entry short,2025-11-13 12:50,short,25172,1,25172,645,0.13,925,0.18,-105,-0.02,22385,22.39
86,Exit long,2025-11-14 10:00,Time Exit,24953,1,24868,1700,0.34,2045,0.41,-100,-0.02,24085,24.09
86,Entry long,2025-11-14 09:51,long,24868,1,24868,1700,0.34,2045,0.41,-100,-0.02,24085,24.09
87,Exit long,2025-11-14 10:29,Time Exit,25025,1,24932.5,1850,0.37,1920,0.39,-610,-0.12,25935,25.94
87,Entry long,2025-11-14 10:20,long,24932.5,1,24932.5,1850,0.37,1920,0.39,-610,-0.12,25935,25.94
88,Exit long,2025-11-14 11:28,Time Exit,25260.5,1,25156.75,2075,0.41,2160,0.43,-105,-0.02,28010,28.01
88,Entry long,2025-11-14 11:19,long,25156.75,1,25156.75,2075,0.41,2160,0.43,-105,-0.02,28010,28.01
89,Exit long,2025-11-14 12:10,Time Exit,25260.5,1,25229.5,620,0.12,705,0.14,-65,-0.01,28630,28.63
89,Entry long,2025-11-14 12:01,long,25229.5,1,25229.5,620,0.12,705,0.14,-65,-0.01,28630,28.63